 ,LB,LT,KT,KM,GRS,HARGA_JUTA
count,1010.0,1010.0,1010.0,1010.0,1010.0,1010.0
mean,276.53960396039605,237.43267326732672,4.6683168316831685,3.607920792079208,1.9207920792079207,7628.982178217821
std,177.86455720422907,179.95760408598153,1.5727757395356827,1.420065965909875,1.5109981232222636,7340.945284947293
min,40.0,25.0,2.0,1.0,0.0,430.0
25%,150.0,130.0,4.0,3.0,1.0,3262.5
50%,216.5,165.0,4.0,3.0,2.0,5000.0
75%,350.0,290.0,5.0,4.0,2.0,9000.0
max,1126.0,1400.0,10.0,10.0,10.0,65000.0
